"decade","genre","platform","genre_na_sales","genre_eu_sales","genre_jp_sales","genre_other_sales","genre_global_sales","pct_na_sales","pct_eu_sales","pct_jp_sales","pct_other_sales","pct_global_sales"
1990,"Platform","DC","1.26","0.61","0.46","0.08","2.42","43.45","67.78","10.00","57.14","28.27"
1990,"Sports","DC","1.12","0.05","1.05","0.02","2.25","38.62","5.56","22.83","14.29","26.29"
1990,"Adventure","DC","0.52","0.24","0.54","0.04","1.34","17.93","26.67","11.74","28.57","15.65"
1990,"Fighting","DC","0","0","1.05","0","1.05","0.00","0.00","22.83","0.00","12.27"
1990,"Racing","DC","0","0","0.64","0","0.64","0.00","0.00","13.91","0.00","7.48"
1990,"Simulation","DC","0","0","0.52","0","0.52","0.00","0.00","11.30","0.00","6.07"
1990,"Shooter","DC","0","0","0.26","0","0.26","0.00","0.00","5.65","0.00","3.04"
1990,"Action","DC","0","0","0.08","0","0.08","0.00","0.00","1.74","0.00","0.93"
1990,"Role-Playing","GB","26.16","20.11","26.00","2.31","74.58","40.51","57.79","46.96","45.38","46.67"
1990,"Platform","GB","15.60","5.55","8.25","1.14","30.53","24.16","15.95","14.90","22.40","19.10"
1990,"Adventure","GB","8.01","2.98","3.70","0.46","15.16","12.41","8.56","6.68","9.04","9.49"
1990,"Action","GB","6.10","2.25","2.71","0.34","11.39","9.45","6.47","4.89","6.68","7.13"
1990,"Puzzle","GB","2.72","1.26","4.33","0.16","8.47","4.21","3.62","7.82","3.14","5.30"
1990,"Strategy","GB","1.49","0.73","4.64","0.11","6.96","2.31","2.10","8.38","2.16","4.36"
1990,"Racing","GB","2.31","1.06","0.74","0.44","4.55","3.58","3.05","1.34","8.64","2.85"
1990,"Compilation","GB","2.18","0.86","0.59","0.11","3.74","3.38","2.47","1.07","2.16","2.34"
1990,"Simulation","GB","0","0","3.53","0.02","3.55","0.00","0.00","6.38","0.39","2.22"
1990,"Sports","GB","0","0","0.88","0","0.88","0.00","0.00","1.59","0.00","0.55"
1990,"Puzzle","GBA","0.06","0.02","0","0","0.09","100.00","100.00",NULL,NULL,"100.00"
1990,"Platform","GEN","10.73","3.38","0.77","0.56","15.45","55.68","61.23","28.84","62.92","54.48"
1990,"Fighting","GEN","3.98","1.20","0.61","0.17","5.97","20.65","21.74","22.85","19.10","21.05"
1990,"Sports","GEN","2.70","0.39","0.04","0.08","3.20","14.01","7.07","1.50","8.99","11.28"
1990,"Action","GEN","1.86","0.55","0.18","0.08","2.67","9.65","9.96","6.74","8.99","9.41"
1990,"Role-Playing","GEN","0","0","0.27","0","0.27","0.00","0.00","10.11","0.00","0.95"
1990,"Racing","GEN","0","0","0.26","0","0.26","0.00","0.00","9.74","0.00","0.92"
1990,"Adventure","GEN","0","0","0.19","0","0.19","0.00","0.00","7.12","0.00","0.67"
1990,"Strategy","GEN","0","0","0.19","0","0.19","0.00","0.00","7.12","0.00","0.67"
1990,"Shooter","GEN","0","0","0.13","0","0.13","0.00","0.00","4.87","0.00","0.46"
1990,"Party/Minigames","GEN","0","0","0.03","0","0.03","0.00","0.00","1.12","0.00","0.11"
1990,"Racing","N64","24.95","7.89","4.03","0.56","37.51","21.32","22.61","15.52","16.77","20.68"
1990,"Platform","N64","18.78","6.83","4.94","0.79","31.36","16.05","19.57","19.02","23.65","17.29"
1990,"Sports","N64","18.37","4.74","3.51","0.52","27.17","15.70","13.58","13.52","15.57","14.98"
1990,"Action","N64","14.55","4.53","2.08","0.42","21.59","12.43","12.98","8.01","12.57","11.90"
1990,"Shooter","N64","13.50","3.90","0.89","0.26","18.55","11.54","11.17","3.43","7.78","10.23"
1990,"Fighting","N64","10.48","2.42","2.07","0.16","15.13","8.95","6.93","7.97","4.79","8.34"
1990,"Simulation","N64","5.56","1.52","2.25","0.28","9.62","4.75","4.36","8.66","8.38","5.30"
1990,"Strategy","N64","3.53","1.32","2.80","0.13","7.78","3.02","3.78","10.78","3.89","4.29"
1990,"Party/Minigames","N64","2.72","0.72","1.95","0.06","5.44","2.32","2.06","7.51","1.80","3.00"
1990,"Puzzle","N64","1.31","0.38","0.54","0.06","2.30","1.12","1.09","2.08","1.80","1.27"
1990,"Compilation","N64","1.24","0.17","0.03","0.01","1.45","1.06","0.49","0.12","0.30","0.80"
1990,"Trivia/Board Game","N64","0.91","0.21","0.28","0.04","1.44","0.78","0.60","1.08","1.20","0.79"
1990,"Role-Playing","N64","0.54","0.12","0.34","0.05","1.05","0.46","0.34","1.31","1.50","0.58"
1990,"Adventure","N64","0.23","0.05","0.17","0","0.45","0.20","0.14","0.65","0.00","0.25"
1990,"Educational","N64","0.29","0.08","0","0","0.37","0.25","0.23","0.00","0.00","0.20"
1990,"Card Game/Casino","N64","0.07","0.02","0.09","0","0.18","0.06","0.06","0.35","0.00","0.10"
1990,"Puzzle","NES","4.51","0.95","3.74","0.25","9.46","38.58","35.32","29.47","53.19","34.34"
1990,"Platform","NES","3.33","0.61","2.34","0.07","6.35","28.49","22.68","18.44","14.89","23.05"
1990,"Role-Playing","NES","0.08","0","4.53","0.02","4.63","0.68","0.00","35.70","4.26","16.81"
1990,"Action","NES","3.04","0.52","0.36","0.06","3.98","26.01","19.33","2.84","12.77","14.45"
1990,"Sports","NES","0.69","0.6","1.70","0.07","3.06","5.90","22.30","13.40","14.89","11.11"
1990,"Fighting","NES","0.04","0.01","0.02","0","0.07","0.34","0.37","0.16","0.00","0.25"
1990,"Strategy","PC","9.87","5.08","0","0.53","15.48","33.61","26.77","0.00","34.87","30.97"
1990,"Shooter","PC","7.19","2.17","0.09","0.25","9.71","24.48","11.43","100.00","16.45","19.43"
1990,"Simulation","PC","4.42","2.53","0","0.3","7.26","15.05","13.33","0.00","19.74","14.53"
1990,"Adventure","PC","1.55","4.39","0","0.1","6.04","5.28","23.13","0.00","6.58","12.08"
1990,"Action","PC","2.87","1.41","0","0.14","4.42","9.77","7.43","0.00","9.21","8.84"
1990,"Trivia/Board Game","PC","3.44","0.81","0","0.1","4.35","11.71","4.27","0.00","6.58","8.70"
1990,"Role-Playing","PC","0.02","1.60","0","0.01","1.63","0.07","8.43","0.00","0.66","3.26"
1990,"Sports","PC","0","0.98","0","0.09","1.07","0.00","5.16","0.00","5.92","2.14"
1990,"Racing","PC","0","0.01","0","0","0.01","0.00","0.05","0.00","0.00","0.02"
1990,"Fighting","PC","0.01","0","0","0","0.01","0.03","0.00","0.00","0.00","0.02"
1990,"Action","PS","51.54","33.25","9.96","5.86","100.63","19.24","20.19","8.32","17.96","17.21"
1990,"Sports","PS","50.04","24.01","16.58","5.24","95.93","18.68","14.58","13.85","16.06","16.41"
1990,"Racing","PS","45.76","30.46","10.87","5.05","92.13","17.09","18.50","9.08","15.48","15.76"
1990,"Role-Playing","PS","16.94","10.17","29.36","3.66","60.05","6.33","6.18","24.52","11.22","10.27"
1990,"Platform","PS","29.83","18.38","5.05","2.76","56.04","11.14","11.16","4.22","8.46","9.58"
1990,"Fighting","PS","22.16","13.83","12.40","2.79","51.13","8.27","8.40","10.36","8.55","8.74"
1990,"Shooter","PS","15.46","10.75","2.36","1.74","30.33","5.77","6.53","1.97","5.33","5.19"
1990,"Simulation","PS","6.07","3.84","8.87","1.28","20.06","2.27","2.33","7.41","3.92","3.43"
1990,"Strategy","PS","6.60","5.14","6.06","1.28","19.01","2.46","3.12","5.06","3.92","3.25"
1990,"Adventure","PS","6.70","5.66","2.87","0.94","16.16","2.50","3.44","2.40","2.88","2.76"
1990,"Compilation","PS","7.07","4.80","1.47","0.51","13.85","2.64","2.92","1.23","1.56","2.37"
1990,"Puzzle","PS","4.79","2.04","3.80","0.54","11.21","1.79","1.24","3.17","1.66","1.92"
1990,"Rhythm/Music","PS","0.77","0.51","7.00","0.43","8.71","0.29","0.31","5.85","1.32","1.49"
1990,"Trivia/Board Game","PS","3.47","1.39","1.29","0.33","6.50","1.30","0.84","1.08","1.01","1.11"
1990,"Card Game/Casino","PS","0.14","0.09","1.78","0.15","2.16","0.05","0.05","1.49","0.46","0.37"
1990,"Educational","PS","0.30","0.21","0","0.04","0.55","0.11","0.13","0.00","0.12","0.09"
1990,"Party/Minigames","PS","0.17","0.12","0","0.02","0.31","0.06","0.07","0.00","0.06","0.05"
1990,"Fighting","SAT","0.51","0.38","7.48","0.05","8.41","70.83","70.37","23.54","71.43","25.41"
1990,"Adventure","SAT","0","0","4.16","0","4.16","0.00","0.00","13.09","0.00","12.57"
1990,"Shooter","SAT","0","0","3.97","0","3.98","0.00","0.00","12.50","0.00","12.02"
1990,"Role-Playing","SAT","0","0","3.76","0","3.76","0.00","0.00","11.84","0.00","11.36"
1990,"Strategy","SAT","0","0","3.24","0","3.24","0.00","0.00","10.20","0.00","9.79"
1990,"Sports","SAT","0","0","2.79","0","2.79","0.00","0.00","8.78","0.00","8.43"
1990,"Racing","SAT","0.21","0.16","2.01","0.02","2.40","29.17","29.63","6.33","28.57","7.25"
1990,"Simulation","SAT","0","0","1.13","0","1.13","0.00","0.00","3.56","0.00","3.41"
1990,"Puzzle","SAT","0","0","1.00","0","1.00","0.00","0.00","3.15","0.00","3.02"
1990,"Platform","SAT","0","0","0.77","0","0.77","0.00","0.00","2.42","0.00","2.33"
1990,"Action","SAT","0","0","0.58","0","0.58","0.00","0.00","1.83","0.00","1.75"
1990,"Card Game/Casino","SAT","0","0","0.33","0","0.33","0.00","0.00","1.04","0.00","1.00"
1990,"Compilation","SAT","0","0","0.27","0","0.27","0.00","0.00","0.85","0.00","0.82"
1990,"Trivia/Board Game","SAT","0","0","0.26","0","0.26","0.00","0.00","0.82","0.00","0.79"
1990,"Educational","SAT","0","0","0.02","0","0.02","0.00","0.00","0.06","0.00","0.06"
1990,"Platform","SNES","32.75","10.75","20.72","1.78","66.00","53.49","56.46","17.78","55.28","32.99"
1990,"Role-Playing","SNES","2.29","0.16","32.61","0.24","35.28","3.74","0.84","27.98","7.45","17.64"
1990,"Fighting","SNES","9.34","2.90","14.27","0.43","26.95","15.25","15.23","12.24","13.35","13.47"
1990,"Sports","SNES","2.10","0.29","15.41","0.06","17.87","3.43","1.52","13.22","1.86","8.93"
1990,"Racing","SNES","4.91","1.75","6.58","0.25","13.49","8.02","9.19","5.65","7.76","6.74"
1990,"Action","SNES","4.05","1.32","4.16","0.20","9.73","6.61","6.93","3.57","6.21","4.86"
1990,"Puzzle","SNES","0","0","6.37","0.01","6.38","0.00","0.00","5.47","0.31","3.19"
1990,"Shooter","SNES","2.67","0.89","2.38","0.12","6.07","4.36","4.67","2.04","3.73","3.03"
1990,"Simulation","SNES","1.39","0.44","3.74","0.06","5.63","2.27","2.31","3.21","1.86","2.81"
1990,"Strategy","SNES","0.3","0","4.68","0","4.98","0.49","0.00","4.02","0.00","2.49"
1990,"Misc","SNES","1.43","0.54","0.71","0.07","2.75","2.34","2.84","0.61","2.17","1.37"
1990,"Adventure","SNES","0","0","1.50","0","1.50","0.00","0.00","1.29","0.00","0.75"
1990,"Compilation","SNES","0","0","1.43","0","1.43","0.00","0.00","1.23","0.00","0.71"
1990,"Trivia/Board Game","SNES","0","0","1.24","0","1.24","0.00","0.00","1.06","0.00","0.62"
1990,"Card Game/Casino","SNES","0","0","0.64","0","0.64","0.00","0.00","0.55","0.00","0.32"
1990,"Visual Novel","SNES","0","0","0.08","0","0.08","0.00","0.00","0.07","0.00","0.04"
1990,"Party/Minigames","SNES","0","0","0.03","0","0.03","0.00","0.00","0.03","0.00","0.01"
1990,"Adventure","TG16","0","0","0.14","0","0.14",NULL,NULL,"87.50",NULL,"87.50"
1990,"Shooter","TG16","0","0","0.02","0","0.02",NULL,NULL,"12.50",NULL,"12.50"
2000,"Racing","DC","1.1","0.51","0.32","0.08","2.01","43.48","64.56","8.08","61.54","27.13"
2000,"Sports","DC","1.02","0.05","0.32","0.02","1.41","40.32","6.33","8.08","15.38","19.03"
2000,"Action","DC","0.41","0.23","0.51","0.03","1.18","16.21","29.11","12.88","23.08","15.92"
2000,"Adventure","DC","0","0","1.16","0","1.16","0.00","0.00","29.29","0.00","15.65"
2000,"Fighting","DC","0","0","0.78","0","0.78","0.00","0.00","19.70","0.00","10.53"
2000,"Role-Playing","DC","0","0","0.68","0","0.68","0.00","0.00","17.17","0.00","9.18"
2000,"Platform","DC","0","0","0.12","0","0.12","0.00","0.00","3.03","0.00","1.62"
2000,"Shooter","DC","0","0","0.07","0","0.07","0.00","0.00","1.77","0.00","0.94"
2000,"Simulation","DS","64.79","35.54","19.15","10.98","130.53","19.82","21.72","12.98","21.09","18.89"
2000,"Puzzle","DS","35.94","33.37","21.30","8.17","99.04","11.00","20.39","14.44","15.69","14.33"
2000,"Action","DS","55.65","20.49","10.52","7.50","94.33","17.03","12.52","7.13","14.40","13.65"
2000,"Role-Playing","DS","35.06","12.37","37.65","4.86","90.01","10.73","7.56","25.52","9.33","13.02"
2000,"Platform","DS","33.43","16.71","13.62","5.92","69.78","10.23","10.21","9.23","11.37","10.10"
2000,"Adventure","DS","21.59","7.58","6.49","2.78","38.44","6.61","4.63","4.40","5.34","5.56"
2000,"Racing","DS","18.72","8.92","4.53","2.82","35.01","5.73","5.45","3.07","5.42","5.07"
2000,"Sports","DS","12.70","6.89","4.72","2.15","26.54","3.89","4.21","3.20","4.13","3.84"
2000,"Educational","DS","6.65","5.00","10.27","0.93","22.85","2.03","3.06","6.96","1.79","3.31"
2000,"Rhythm/Music","DS","8.80","4.11","4.74","1.34","19.06","2.69","2.51","3.21","2.57","2.76"
2000,"Party/Minigames","DS","9.56","4.11","2.35","1.35","17.36","2.92","2.51","1.59","2.59","2.51"
2000,"Trivia/Board Game","DS","4.59","3.10","2.64","1.00","11.33","1.40","1.89","1.79","1.92","1.64"
2000,"Strategy","DS","6.31","1.78","1.84","0.77","10.74","1.93","1.09","1.25","1.48","1.55"
2000,"Fitness","DS","2.33","3.00","2.50","0.63","8.48","0.71","1.83","1.69","1.21","1.23"
2000,"Shooter","DS","5.45","0.43","0.34","0.46","6.78","1.67","0.26","0.23","0.88","0.98"
2000,"Fighting","DS","1.89","0.15","3.19","0.14","5.37","0.58","0.09","2.16","0.27","0.78"
2000,"Compilation","DS","2.36","0.01","1.09","0.18","3.66","0.72","0.01","0.74","0.35","0.53"
2000,"Card Game/Casino","DS","1.02","0.06","0.60","0.09","1.80","0.31","0.04","0.41","0.17","0.26"
2000,"Role-Playing","GB","2.55","1.56","7.45","1.00","12.56","27.96","30.06","57.26","59.52","43.31"
2000,"Platform","GB","2.15","1.23","1.06","0.36","4.81","23.57","23.70","8.15","21.43","16.59"
2000,"Action","GB","1.86","1.15","0.58","0.13","3.72","20.39","22.16","4.46","7.74","12.83"
2000,"Sports","GB","1.4","0.56","0.70","0.11","2.76","15.35","10.79","5.38","6.55","9.52"
2000,"Adventure","GB","0.87","0.52","0.55","0.06","2.00","9.54","10.02","4.23","3.57","6.90"
2000,"Puzzle","GB","0.29","0.17","0.75","0.02","1.23","3.18","3.28","5.76","1.19","4.24"
2000,"Strategy","GB","0","0","1.09","0","1.09","0.00","0.00","8.38","0.00","3.76"
2000,"Card Game/Casino","GB","0","0","0.83","0","0.83","0.00","0.00","6.38","0.00","2.86"
2000,"Platform","GBA","45.17","18.62","11.28","2.25","77.41","24.88","25.50","23.97","29.53","24.98"
2000,"Role-Playing","GBA","28.29","12.87","20.76","1.82","63.75","15.58","17.62","44.11","23.88","20.58"
2000,"Action","GBA","37.63","15.00","2.72","1.38","56.87","20.73","20.54","5.78","18.11","18.36"
2000,"Compilation","GBA","14.08","5.21","0.55","0.31","20.22","7.76","7.13","1.17","4.07","6.53"
2000,"Racing","GBA","11.73","5.04","1.50","0.54","18.80","6.46","6.90","3.19","7.09","6.07"
2000,"Sports","GBA","10.35","3.81","1.99","0.24","16.48","5.70","5.22","4.23","3.15","5.32"
2000,"Adventure","GBA","9.21","3.52","1.57","0.33","14.68","5.07","4.82","3.34","4.33","4.74"
2000,"Puzzle","GBA","5.63","1.93","2.59","0.20","10.45","3.10","2.64","5.50","2.62","3.37"
2000,"Strategy","GBA","4.71","1.50","1.93","0.17","8.30","2.59","2.05","4.10","2.23","2.68"
2000,"Simulation","GBA","4.07","1.59","0.74","0.17","6.54","2.24","2.18","1.57","2.23","2.11"
2000,"Card Game/Casino","GBA","3.63","1.34","0.47","0.10","5.52","2.00","1.83","1.00","1.31","1.78"
2000,"Fighting","GBA","2.53","0.93","0.06","0.05","3.60","1.39","1.27","0.13","0.66","1.16"
2000,"Shooter","GBA","2.35","0.87","0.32","0.02","3.60","1.29","1.19","0.68","0.26","1.16"
2000,"Party/Minigames","GBA","1.23","0.47","0.28","0.03","2.00","0.68","0.64","0.59","0.39","0.65"
2000,"Trivia/Board Game","GBA","0.58","0.20","0","0","0.80","0.32","0.27","0.00","0.00","0.26"
2000,"Rhythm/Music","GBA","0.32","0.12","0.3","0.01","0.78","0.18","0.16","0.64","0.13","0.25"
2000,"Educational","GBA","0.02","0.01","0","0","0.03","0.01","0.01","0.00","0.00","0.01"
2000,"Action","GC","27.42","8.12","2.83","1.03","39.53","20.55","20.98","13.11","19.88","19.84"
2000,"Platform","GC","20.08","5.87","1.50","0.73","28.24","15.05","15.17","6.95","14.09","14.17"
2000,"Sports","GC","18.34","4.77","1.63","0.56","25.45","13.75","12.33","7.55","10.81","12.77"
2000,"Racing","GC","14.97","4.85","1.57","0.54","21.95","11.22","12.53","7.28","10.42","11.01"
2000,"Fighting","GC","10.04","2.58","3.69","0.50","16.82","7.53","6.67","17.10","9.65","8.44"
2000,"Shooter","GC","10.09","2.92","0.37","0.33","13.74","7.56","7.55","1.71","6.37","6.89"
2000,"Role-Playing","GC","7.90","2.44","2.47","0.34","13.14","5.92","6.30","11.45","6.56","6.59"
2000,"Party/Minigames","GC","5.06","1.20","2.71","0.26","9.21","3.79","3.10","12.56","5.02","4.62"
2000,"Simulation","GC","5.37","1.74","1.16","0.29","8.53","4.03","4.50","5.38","5.60","4.28"
2000,"Adventure","GC","3.90","1.28","0.67","0.18","6.03","2.92","3.31","3.10","3.47","3.03"
2000,"Puzzle","GC","2.95","0.89","0.73","0.12","4.70","2.21","2.30","3.38","2.32","2.36"
2000,"Compilation","GC","3.42","0.97","0.05","0.12","4.57","2.56","2.51","0.23","2.32","2.29"
2000,"Strategy","GC","2.30","0.64","1.35","0.10","4.43","1.72","1.65","6.26","1.93","2.22"
2000,"Rhythm/Music","GC","1.52","0.42","0.51","0.07","2.54","1.14","1.09","2.36","1.35","1.27"
2000,"Misc","GC","0","0","0.27","0.01","0.28","0.00","0.00","1.25","0.19","0.14"
2000,"Trivia/Board Game","GC","0","0","0.07","0","0.08","0.00","0.00","0.32","0.00","0.04"
2000,"Card Game/Casino","GC","0.04","0.01","0","0","0.05","0.03","0.03","0.00","0.00","0.03"
2000,"Action","N64","6.29","1.78","0.82","0.13","9.02","28.60","28.90","9.94","12.50","24.06"
2000,"Sports","N64","5.14","1.19","1.69","0.22","8.26","23.37","19.32","20.48","21.15","22.03"
2000,"Platform","N64","2.45","0.76","1.37","0.18","4.77","11.14","12.34","16.61","17.31","12.72"
2000,"Shooter","N64","2.01","0.87","0.29","0.06","3.24","9.14","14.12","3.52","5.77","8.64"
2000,"Strategy","N64","1.21","0.40","1.13","0.23","2.96","5.50","6.49","13.70","22.12","7.90"
2000,"Racing","N64","1.86","0.43","0.43","0.02","2.74","8.46","6.98","5.21","1.92","7.31"
2000,"Party/Minigames","N64","0.72","0.16","1.01","0.02","1.91","3.27","2.60","12.24","1.92","5.09"
2000,"Role-Playing","N64","0.70","0.21","0.91","0.07","1.90","3.18","3.41","11.03","6.73","5.07"
2000,"Puzzle","N64","0.90","0.19","0","0.01","1.11","4.09","3.08","0.00","0.96","2.96"
2000,"Fighting","N64","0.31","0.07","0.34","0.05","0.77","1.41","1.14","4.12","4.81","2.05"
2000,"Simulation","N64","0.21","0.05","0.26","0.05","0.57","0.95","0.81","3.15","4.81","1.52"
2000,"Compilation","N64","0.19","0.05","0","0","0.24","0.86","0.81","0.00","0.00","0.64"
2000,"Simulation","PC","15.29","16.91","0","2.47","34.75","61.65","32.22","0.00","34.59","40.86"
2000,"Role-Playing","PC","4.13","11.33","0","1.70","17.25","16.65","21.59","0.00","23.81","20.28"
2000,"Strategy","PC","2.35","7.79","0","1.08","11.30","9.48","14.84","0.00","15.13","13.29"
2000,"Shooter","PC","2.63","6.31","0.08","0.70","9.81","10.60","12.02","100.00","9.80","11.54"
2000,"Action","PC","0.23","3.56","0","0.46","4.40","0.93","6.78","0.00","6.44","5.17"
2000,"Sports","PC","0.01","3.44","0","0.22","3.68","0.04","6.55","0.00","3.08","4.33"
2000,"Adventure","PC","0.02","1.73","0","0.24","2.03","0.08","3.30","0.00","3.36","2.39"
2000,"Racing","PC","0.03","0.90","0","0.16","1.10","0.12","1.71","0.00","2.24","1.29"
2000,"Puzzle","PC","0.03","0.19","0","0.04","0.26","0.12","0.36","0.00","0.56","0.31"
2000,"Platform","PC","0","0.12","0","0.03","0.15","0.00","0.23","0.00","0.42","0.18"
2000,"Fighting","PC","0.07","0.04","0","0.02","0.13","0.28","0.08","0.00","0.28","0.15"
2000,"Compilation","PC","0","0.08","0","0.01","0.08","0.00","0.15","0.00","0.14","0.09"
2000,"Rhythm/Music","PC","0.01","0.03","0","0.01","0.04","0.04","0.06","0.00","0.14","0.05"
2000,"Party/Minigames","PC","0","0.03","0","0","0.04","0.00","0.06","0.00","0.00","0.05"
2000,"Card Game/Casino","PC","0","0.01","0","0","0.01","0.00","0.02","0.00","0.00","0.01"
2000,"Trivia/Board Game","PC","0","0.01","0","0","0.01","0.00","0.02","0.00","0.00","0.01"
2000,"Action","PS","19.32","15.93","1.25","2.23","38.77","30.02","34.63","6.22","28.63","28.07"
2000,"Sports","PS","16.80","8.97","1.85","1.70","29.28","26.11","19.50","9.20","21.82","21.20"
2000,"Role-Playing","PS","2.95","1.68","11.12","0.51","16.24","4.58","3.65","55.32","6.55","11.76"
2000,"Racing","PS","5.95","4.81","0.02","0.79","11.56","9.25","10.46","0.10","10.14","8.37"
2000,"Shooter","PS","5.76","2.86","0.02","0.49","9.08","8.95","6.22","0.10","6.29","6.57"
2000,"Platform","PS","4.53","3.36","0.36","0.53","8.75","7.04","7.30","1.79","6.80","6.34"
2000,"Adventure","PS","2.01","2.20","0.58","0.33","5.16","3.12","4.78","2.89","4.24","3.74"
2000,"Fighting","PS","1.43","1.97","1.28","0.34","5.01","2.22","4.28","6.37","4.36","3.63"
2000,"Party/Minigames","PS","1.56","1.47","0.34","0.18","3.55","2.42","3.20","1.69","2.31","2.57"
2000,"Strategy","PS","0.01","0.01","2.34","0.16","2.51","0.02","0.02","11.64","2.05","1.82"
2000,"Compilation","PS","1.31","0.89","0","0.15","2.33","2.04","1.93","0.00","1.93","1.69"
2000,"Trivia/Board Game","PS","1.00","0.68","0","0.13","1.78","1.55","1.48","0.00","1.67","1.29"
2000,"Card Game/Casino","PS","0.50","0.34","0.59","0.09","1.53","0.78","0.74","2.94","1.16","1.11"
2000,"Puzzle","PS","0.54","0.36","0","0.06","0.95","0.84","0.78","0.00","0.77","0.69"
2000,"Rhythm/Music","PS","0.15","0.11","0.35","0.04","0.66","0.23","0.24","1.74","0.51","0.48"
2000,"Educational","PS","0.28","0.19","0","0.03","0.5","0.44","0.41","0.00","0.39","0.36"
2000,"Simulation","PS","0.25","0.17","0","0.03","0.44","0.39","0.37","0.00","0.39","0.32"
2000,"Action","PS2","138.53","77.62","26.68","52.15","295.05","23.96","23.15","19.29","27.26","23.74"
2000,"Sports","PS2","132.09","68.52","24.38","43.69","268.64","22.84","20.43","17.63","22.83","21.61"
2000,"Racing","PS2","75.72","47.38","5.88","27.37","156.24","13.09","14.13","4.25","14.31","12.57"
2000,"Shooter","PS2","57.65","33.79","3.79","13.45","108.75","9.97","10.08","2.74","7.03","8.75"
2000,"Role-Playing","PS2","32.84","18.41","33.95","8.27","93.42","5.68","5.49","24.54","4.32","7.52"
2000,"Platform","PS2","36.61","23.14","2.60","8.96","71.28","6.33","6.90","1.88","4.68","5.73"
2000,"Fighting","PS2","33.13","16.18","11.38","7.41","68.07","5.73","4.82","8.23","3.87","5.48"
2000,"Rhythm/Music","PS2","24.83","15.44","3.03","16.28","59.56","4.29","4.60","2.19","8.51","4.79"
2000,"Simulation","PS2","13.97","9.86","5.91","3.30","33.02","2.42","2.94","4.27","1.72","2.66"
2000,"Adventure","PS2","6.43","4.87","6.20","1.79","19.22","1.11","1.45","4.48","0.94","1.55"
2000,"Compilation","PS2","10.48","6.26","0.23","2.05","19.07","1.81","1.87","0.17","1.07","1.53"
2000,"Strategy","PS2","4.95","3.46","8.28","1.21","17.97","0.86","1.03","5.99","0.63","1.45"
2000,"Trivia/Board Game","PS2","2.17","3.59","1.76","2.70","10.22","0.38","1.07","1.27","1.41","0.82"
2000,"Card Game/Casino","PS2","2.64","1.18","3.49","0.57","7.89","0.46","0.35","2.52","0.30","0.63"
2000,"Puzzle","PS2","2.96","2.02","0.45","0.75","6.14","0.51","0.60","0.33","0.39","0.49"
2000,"Misc","PS2","1.65","2.63","0.28","0.99","5.54","0.29","0.78","0.20","0.52","0.45"
2000,"Party/Minigames","PS2","1.60","0.96","0.03","0.38","2.96","0.28","0.29","0.02","0.20","0.24"
2000,"Fitness","PS2","0.02","0.02","0","0.01","0.04","0.00","0.01","0.00","0.01","0.00"
2000,"Educational","PS2","0.01","0.01","0","0","0.02","0.00","0.00","0.00","0.00","0.00"
2000,"Action","PS3","47.10","33.71","7.32","15.04","103.07","29.00","28.72","36.31","29.90","29.44"
2000,"Shooter","PS3","30.33","23.61","1.55","10.37","65.83","18.68","20.11","7.69","20.62","18.80"
2000,"Sports","PS3","23.41","14.20","2.64","5.32","45.51","14.42","12.10","13.10","10.58","13.00"
2000,"Racing","PS3","12.90","14.68","1.24","5.54","34.40","7.94","12.51","6.15","11.01","9.83"
2000,"Role-Playing","PS3","11.45","5.58","4.20","2.73","23.94","7.05","4.75","20.83","5.43","6.84"
2000,"Fighting","PS3","10.71","6.03","1.47","2.89","21.09","6.59","5.14","7.29","5.75","6.02"
2000,"Rhythm/Music","PS3","11.21","6.77","0.02","2.83","20.84","6.90","5.77","0.10","5.63","5.95"
2000,"Platform","PS3","6.68","6.36","0.36","2.94","16.33","4.11","5.42","1.79","5.84","4.66"
2000,"Adventure","PS3","2.45","2.17","0.71","0.92","6.25","1.51","1.85","3.52","1.83","1.79"
2000,"Simulation","PS3","1.96","1.46","0.38","0.53","4.33","1.21","1.24","1.88","1.05","1.24"
2000,"Trivia/Board Game","PS3","0.91","1.40","0","0.46","2.78","0.56","1.19","0.00","0.91","0.79"
2000,"Compilation","PS3","1.54","0.62","0","0.33","2.49","0.95","0.53","0.00","0.66","0.71"
2000,"Strategy","PS3","1.08","0.65","0.14","0.30","2.17","0.67","0.55","0.69","0.60","0.62"
2000,"Misc","PS3","0.28","0.08","0.02","0.05","0.44","0.17","0.07","0.10","0.10","0.13"
2000,"Puzzle","PS3","0.26","0.05","0.06","0.04","0.42","0.16","0.04","0.30","0.08","0.12"
2000,"Card Game/Casino","PS3","0.08","0.01","0.04","0.01","0.14","0.05","0.01","0.20","0.02","0.04"
2000,"Party/Minigames","PS3","0.05","0","0.01","0","0.06","0.03","0.00","0.05","0.00","0.02"
2000,"Action","PSP","22.46","16.18","4.03","10.23","52.83","22.63","26.84","11.86","27.35","22.87"
2000,"Racing","PSP","14.61","11.47","0.95","6.83","33.88","14.72","19.03","2.80","18.26","14.66"
2000,"Sports","PSP","15.60","8.64","3.36","4.70","32.26","15.72","14.33","9.89","12.56","13.96"
2000,"Role-Playing","PSP","9.49","2.83","14.23","2.33","28.96","9.56","4.69","41.88","6.23","12.53"
2000,"Shooter","PSP","9.88","5.11","0.25","3.51","18.73","9.96","8.48","0.74","9.38","8.11"
2000,"Platform","PSP","7.77","4.96","0.62","3.11","16.48","7.83","8.23","1.82","8.31","7.13"
2000,"Fighting","PSP","5.69","2.71","4.02","1.91","14.34","5.73","4.50","11.83","5.11","6.21"
2000,"Strategy","PSP","2.34","2.02","1.64","1.10","7.13","2.36","3.35","4.83","2.94","3.09"
2000,"Simulation","PSP","1.82","2.94","0.72","1.23","6.72","1.83","4.88","2.12","3.29","2.91"
2000,"Puzzle","PSP","2.77","1.26","0.53","0.82","5.44","2.79","2.09","1.56","2.19","2.35"
2000,"Adventure","PSP","1.53","0.89","1.62","0.55","4.61","1.54","1.48","4.77","1.47","2.00"
2000,"Compilation","PSP","2.21","0.21","0.08","0.31","2.83","2.23","0.35","0.24","0.83","1.22"
2000,"Rhythm/Music","PSP","1.02","0.46","0.46","0.34","2.29","1.03","0.76","1.35","0.91","0.99"
2000,"Card Game/Casino","PSP","0.94","0","0.34","0.08","1.37","0.95","0.00","1.00","0.21","0.59"
2000,"Trivia/Board Game","PSP","0.39","0.44","0.13","0.25","1.21","0.39","0.73","0.38","0.67","0.52"
2000,"Educational","PSP","0.44","0.01","0.68","0.04","1.16","0.44","0.02","2.00","0.11","0.50"
2000,"Party/Minigames","PSP","0.25","0.15","0.13","0.07","0.60","0.25","0.25","0.38","0.19","0.26"
2000,"Misc","PSP","0","0","0.15","0","0.15","0.00","0.00","0.44","0.00","0.06"
2000,"Visual Novel","PSP","0.02","0","0.04","0","0.06","0.02","0.00","0.12","0.00","0.03"
2000,"Role-Playing","PSV","0.13","0.06","0.07","0.04","0.3","100.00","100.00","100.00","100.00","100.00"
2000,"Sports","Wii","108.12","66.15","10.72","19.48","204.39","28.58","33.30","21.12","31.69","29.64"
2000,"Action","Wii","45.48","18.95","2.84","6.55","73.87","12.02","9.54","5.59","10.66","10.71"
2000,"Party/Minigames","Wii","31.78","18.05","4.78","5.64","60.29","8.40","9.09","9.42","9.18","8.74"
2000,"Platform","Wii","32.15","16.10","6.93","4.86","60.07","8.50","8.11","13.65","7.91","8.71"
2000,"Racing","Wii","28.27","18.23","4.09","5.06","55.70","7.47","9.18","8.06","8.23","8.08"
2000,"Rhythm/Music","Wii","30.67","14.78","1.91","4.72","52.20","8.11","7.44","3.76","7.68","7.57"
2000,"Fitness","Wii","20.41","17.21","6.13","4.21","47.96","5.40","8.66","12.08","6.85","6.95"
2000,"Simulation","Wii","19.60","5.69","1.87","2.48","29.76","5.18","2.86","3.68","4.03","4.31"
2000,"Shooter","Wii","15.38","5.74","0.61","2.16","23.95","4.07","2.89","1.20","3.51","3.47"
2000,"Fighting","Wii","10.54","3.65","3.54","1.48","19.23","2.79","1.84","6.97","2.41","2.79"
2000,"Puzzle","Wii","8.07","5.48","1.27","1.51","16.37","2.13","2.76","2.50","2.46","2.37"
2000,"Trivia/Board Game","Wii","9.40","3.52","0.60","1.19","14.74","2.48","1.77","1.18","1.94","2.14"
2000,"Adventure","Wii","9.29","3.06","1.17","1.12","14.70","2.46","1.54","2.30","1.82","2.13"
2000,"Role-Playing","Wii","4.60","1.41","3.16","0.59","9.75","1.22","0.71","6.23","0.96","1.41"
2000,"Strategy","Wii","1.73","0.51","1.05","0.18","3.46","0.46","0.26","2.07","0.29","0.50"
2000,"Compilation","Wii","1.68","0.07","0.01","0.14","1.91","0.44","0.04","0.02","0.23","0.28"
2000,"Educational","Wii","1.08","0.02","0.08","0.10","1.27","0.29","0.01","0.16","0.16","0.18"
2000,"Card Game/Casino","Wii","0.06","0","0","0","0.07","0.02","0.00","0.00","0.00","0.01"
2000,"Shooter","X360","75.98","29.92","1.44","11.23","118.53","28.62","27.72","20.81","29.48","28.32"
2000,"Action","X360","59.96","26.57","1.32","8.89","96.78","22.59","24.62","19.08","23.33","23.13"
2000,"Sports","X360","37.88","12.42","0.26","4.40","55.01","14.27","11.51","3.76","11.55","13.15"
2000,"Racing","X360","20.78","13.36","0.37","3.77","38.27","7.83","12.38","5.35","9.90","9.15"
2000,"Role-Playing","X360","21.44","7.61","1.80","2.94","33.78","8.08","7.05","26.01","7.72","8.07"
2000,"Rhythm/Music","X360","19.28","5.25","0.01","2.40","26.89","7.26","4.86","0.14","6.30","6.43"
2000,"Fighting","X360","11.06","3.34","0.56","1.44","16.40","4.17","3.09","8.09","3.78","3.92"
2000,"Strategy","X360","4.86","1.89","0.08","0.66","7.49","1.83","1.75","1.16","1.73","1.79"
2000,"Adventure","X360","4.16","2.21","0.23","0.69","7.29","1.57","2.05","3.32","1.81","1.74"
2000,"Platform","X360","2.97","2.43","0.02","0.64","6.09","1.12","2.25","0.29","1.68","1.46"
2000,"Simulation","X360","3.07","1.66","0.67","0.52","5.96","1.16","1.54","9.68","1.36","1.42"
2000,"Trivia/Board Game","X360","1.46","0.68","0","0.23","2.37","0.55","0.63","0.00","0.60","0.57"
2000,"Compilation","X360","1.44","0.48","0.01","0.18","2.09","0.54","0.44","0.14","0.47","0.50"
2000,"Party/Minigames","X360","0.56","0.05","0","0.05","0.68","0.21","0.05","0.00","0.13","0.16"
2000,"Puzzle","X360","0.33","0.04","0.15","0.04","0.55","0.12","0.04","2.17","0.10","0.13"
2000,"Card Game/Casino","X360","0.25","0.01","0","0.02","0.29","0.09","0.01","0.00","0.05","0.07"
2000,"Shooter","XB","46.19","15.26","0.24","1.89","63.58","24.75","25.05","17.39","21.67","24.63"
2000,"Sports","XB","41.22","10.96","0.16","2.04","54.54","22.09","17.99","11.59","23.39","21.12"
2000,"Action","XB","33.27","12.47","0.33","1.74","47.81","17.83","20.47","23.91","19.95","18.52"
2000,"Racing","XB","21.48","8.67","0.17","1.06","31.49","11.51","14.23","12.32","12.16","12.20"
2000,"Role-Playing","XB","9.89","3.04","0.08","0.50","13.51","5.30","4.99","5.80","5.73","5.23"
2000,"Fighting","XB","8.69","2.35","0.36","0.35","11.78","4.66","3.86","26.09","4.01","4.56"
2000,"Platform","XB","6.48","2.67","0.01","0.34","9.53","3.47","4.38","0.72","3.90","3.69"
2000,"Compilation","XB","5.55","1.56","0","0.27","7.41","2.97","2.56","0.00","3.10","2.87"
2000,"Simulation","XB","4.51","1.18","0.03","0.17","5.90","2.42","1.94","2.17","1.95","2.29"
2000,"Adventure","XB","2.22","0.73","0","0.07","3.06","1.19","1.20","0.00","0.80","1.19"
2000,"Strategy","XB","1.95","0.58","0","0.08","2.65","1.04","0.95","0.00","0.92","1.03"
2000,"Party/Minigames","XB","1.52","0.42","0","0.07","2.00","0.81","0.69","0.00","0.80","0.77"
2000,"Rhythm/Music","XB","1.46","0.41","0","0.06","1.95","0.78","0.67","0.00","0.69","0.76"
2000,"Card Game/Casino","XB","0.97","0.28","0","0.04","1.30","0.52","0.46","0.00","0.46","0.50"
2000,"Visual Novel","XB","0.49","0.14","0","0.02","0.67","0.26","0.23","0.00","0.23","0.26"
2000,"Puzzle","XB","0.43","0.11","0","0.02","0.57","0.23","0.18","0.00","0.23","0.22"
2000,"Trivia/Board Game","XB","0.25","0.08","0","0","0.34","0.13","0.13","0.00","0.00","0.13"
2000,"Fitness","XB","0.07","0.02","0","0","0.09","0.04","0.03","0.00","0.00","0.03"
2010,"Role-Playing","3DS","21.06","13.26","39.95","3.02","77.32","26.70","22.66","41.19","23.91","31.29"
2010,"Action","3DS","18.54","11.96","20.93","2.72","54.23","23.51","20.44","21.58","21.54","21.95"
2010,"Platform","3DS","13.06","10.35","6.40","2.24","32.03","16.56","17.69","6.60","17.74","12.96"
2010,"Simulation","3DS","7.73","8.84","10.71","1.50","28.74","9.80","15.11","11.04","11.88","11.63"
2010,"Racing","3DS","6.15","4.67","2.81","1.08","14.68","7.80","7.98","2.90","8.55","5.94"
2010,"Fighting","3DS","4.28","2.14","3.19","0.60","10.23","5.43","3.66","3.29","4.75","4.14"
2010,"Sports","3DS","1.72","2.34","2.40","0.40","6.88","2.18","4.00","2.47","3.17","2.78"
2010,"Puzzle","3DS","1.22","2.12","1.78","0.35","5.48","1.55","3.62","1.84","2.77","2.22"
2010,"Adventure","3DS","1.10","0.80","2.93","0.18","5.00","1.39","1.37","3.02","1.43","2.02"
2010,"Rhythm/Music","3DS","0.70","0.29","2.79","0.08","3.86","0.89","0.50","2.88","0.63","1.56"
2010,"Party/Minigames","3DS","0.77","0.67","0.55","0.13","2.13","0.98","1.15","0.57","1.03","0.86"
2010,"Strategy","3DS","0.78","0.35","0.83","0.11","2.09","0.99","0.60","0.86","0.87","0.85"
2010,"Shooter","3DS","0.66","0.35","0.20","0.09","1.29","0.84","0.60","0.21","0.71","0.52"
2010,"Educational","3DS","0.38","0.15","0.44","0.05","1.02","0.48","0.26","0.45","0.40","0.41"
2010,"Card Game/Casino","3DS","0.07","0.12","0.79","0.02","1.00","0.09","0.21","0.81","0.16","0.40"
2010,"Compilation","3DS","0.43","0.10","0.17","0.05","0.76","0.55","0.17","0.18","0.40","0.31"
2010,"Trivia/Board Game","3DS","0.22","0","0.12","0.01","0.35","0.28","0.00","0.12","0.08","0.14"
2010,"Role-Playing","DS","12.40","5.93","16.90","1.60","36.84","19.51","19.27","60.57","18.43","28.15"
2010,"Action","DS","13.63","7.22","2.28","1.97","25.12","21.44","23.46","8.17","22.70","19.19"
2010,"Simulation","DS","8.28","2.82","1.29","0.94","13.37","13.03","9.16","4.62","10.83","10.21"
2010,"Puzzle","DS","6.38","3.27","0.61","0.91","11.19","10.04","10.63","2.19","10.48","8.55"
2010,"Adventure","DS","4.71","2.85","1.71","0.72","9.96","7.41","9.26","6.13","8.29","7.61"
2010,"Platform","DS","3.73","2.25","0.53","0.57","7.04","5.87","7.31","1.90","6.57","5.38"
2010,"Educational","DS","1.67","2.29","0.71","0.47","5.13","2.63","7.44","2.54","5.41","3.92"
2010,"Strategy","DS","2.55","0.76","0.99","0.28","4.59","4.01","2.47","3.55","3.23","3.51"
2010,"Racing","DS","2.26","1.23","0.04","0.33","3.89","3.56","4.00","0.14","3.80","2.97"
2010,"Sports","DS","1.97","0.56","0.81","0.23","3.55","3.10","1.82","2.90","2.65","2.71"
2010,"Trivia/Board Game","DS","2.31","0.24","0.39","0.22","3.12","3.63","0.78","1.40","2.53","2.38"
2010,"Party/Minigames","DS","0.96","0.78","0.02","0.18","1.95","1.51","2.53","0.07","2.07","1.49"
2010,"Rhythm/Music","DS","0.73","0.13","0.66","0.08","1.57","1.15","0.42","2.37","0.92","1.20"
2010,"Shooter","DS","1.17","0.16","0","0.09","1.42","1.84","0.52","0.00","1.04","1.08"
2010,"Fighting","DS","0.08","0","0.90","0","0.98","0.13","0.00","3.23","0.00","0.75"
2010,"Compilation","DS","0.57","0.18","0","0.07","0.82","0.90","0.58","0.00","0.81","0.63"
2010,"Card Game/Casino","DS","0.16","0.10","0.04","0.02","0.33","0.25","0.32","0.14","0.23","0.25"
2010,"Visual Novel","DS","0","0","0.02","0","0.02","0.00","0.00","0.07","0.00","0.02"
2010,"Role-Playing","PC","14.25","13.84","0","3.69","31.83","36.43","20.31",NULL,"22.82","25.73"
2010,"Shooter","PC","8.62","14.27","0","3.47","26.37","22.03","20.94",NULL,"21.46","21.31"
2010,"Simulation","PC","3.27","13.48","0","2.89","19.69","8.36","19.78",NULL,"17.87","15.91"
2010,"Action","PC","5.29","10.67","0","2.44","18.39","13.52","15.66",NULL,"15.09","14.86"
2010,"Strategy","PC","5.89","8.82","0","2.22","17.02","15.06","12.94",NULL,"13.73","13.76"
2010,"Racing","PC","0.50","2.31","0","0.49","3.32","1.28","3.39",NULL,"3.03","2.68"
2010,"Sports","PC","0.49","1.99","0","0.40","2.91","1.25","2.92",NULL,"2.47","2.35"
2010,"Adventure","PC","0.18","1.57","0","0.29","2.06","0.46","2.30",NULL,"1.79","1.67"
2010,"Rhythm/Music","PC","0.41","0.28","0","0.08","0.78","1.05","0.41",NULL,"0.49","0.63"
2010,"Puzzle","PC","0.06","0.49","0","0.12","0.66","0.15","0.72",NULL,"0.74","0.53"
2010,"Platform","PC","0.03","0.22","0","0.06","0.33","0.08","0.32",NULL,"0.37","0.27"
2010,"Fighting","PC","0.01","0.12","0","0","0.13","0.03","0.18",NULL,"0.00","0.11"
2010,"Educational","PC","0.09","0","0","0","0.10","0.23","0.00",NULL,"0.00","0.08"
2010,"Trivia/Board Game","PC","0","0.04","0","0.02","0.06","0.00","0.06",NULL,"0.12","0.05"
2010,"Compilation","PC","0","0.04","0","0","0.04","0.00","0.06",NULL,"0.00","0.03"
2010,"Party/Minigames","PC","0.03","0","0","0","0.03","0.08","0.00",NULL,"0.00","0.02"
2010,"Sports","PS2","1.56","1.08","0.35","0.84","3.83","67.24","64.67","43.75","64.62","62.79"
2010,"Action","PS2","0.53","0.46","0.03","0.40","1.43","22.84","27.54","3.75","30.77","23.44"
2010,"Adventure","PS2","0.02","0.01","0.36","0","0.40","0.86","0.60","45.00","0.00","6.56"
2010,"Platform","PS2","0.18","0.10","0","0.05","0.32","7.76","5.99","0.00","3.85","5.25"
2010,"Shooter","PS2","0.03","0.02","0","0.01","0.06","1.29","1.20","0.00","0.77","0.98"
2010,"Card Game/Casino","PS2","0","0","0.03","0","0.03","0.00","0.00","3.75","0.00","0.49"
2010,"Role-Playing","PS2","0","0","0.02","0","0.02","0.00","0.00","2.50","0.00","0.33"
2010,"Fighting","PS2","0","0","0.01","0","0.01","0.00","0.00","1.25","0.00","0.16"
2010,"Action","PS3","74.11","77.34","22.02","31.79","205.39","32.24","34.17","36.80","34.69","33.80"
2010,"Shooter","PS3","51.10","51.26","6.30","19.69","128.37","22.23","22.65","10.53","21.49","21.12"
2010,"Sports","PS3","38.57","34.29","6.35","13.94","93.08","16.78","15.15","10.61","15.21","15.32"
2010,"Role-Playing","PS3","18.80","14.48","12.67","6.31","52.20","8.18","6.40","21.18","6.89","8.59"
2010,"Racing","PS3","11.54","20.24","1.92","7.92","41.59","5.02","8.94","3.21","8.64","6.84"
2010,"Fighting","PS3","10.34","6.26","5.01","2.84","24.45","4.50","2.77","8.37","3.10","4.02"
2010,"Adventure","PS3","7.95","8.46","1.94","3.30","21.68","3.46","3.74","3.24","3.60","3.57"
2010,"Platform","PS3","6.37","4.73","0.23","1.97","13.32","2.77","2.09","0.38","2.15","2.19"
2010,"Rhythm/Music","PS3","5.09","3.96","0.51","1.69","11.27","2.21","1.75","0.85","1.84","1.85"
2010,"Simulation","PS3","2.34","2.32","1.49","0.88","7.06","1.02","1.03","2.49","0.96","1.16"
2010,"Strategy","PS3","0.79","0.68","1.16","0.29","2.91","0.34","0.30","1.94","0.32","0.48"
2010,"Trivia/Board Game","PS3","1.03","0.90","0.09","0.36","2.42","0.45","0.40","0.15","0.39","0.40"
2010,"Compilation","PS3","0.89","0.25","0.05","0.18","1.36","0.39","0.11","0.08","0.20","0.22"
2010,"Party/Minigames","PS3","0.30","0.69","0","0.26","1.25","0.13","0.30","0.00","0.28","0.21"
2010,"Fitness","PS3","0.51","0.47","0","0.20","1.17","0.22","0.21","0.00","0.22","0.19"
2010,"Puzzle","PS3","0.13","0","0.04","0.01","0.18","0.06","0.00","0.07","0.01","0.03"
2010,"Card Game/Casino","PS3","0","0","0.05","0","0.05","0.00","0.00","0.08","0.00","0.01"
2010,"Action","PS4","29.26","37.93","5.28","13.64","86.10","30.23","30.66","36.92","31.46","30.96"
2010,"Shooter","PS4","28.53","34.31","2.39","12.13","77.35","29.47","27.74","16.71","27.98","27.81"
2010,"Sports","PS4","18.12","21.74","0.92","7.85","48.60","18.72","17.57","6.43","18.10","17.48"
2010,"Role-Playing","PS4","8.26","10.55","3.23","3.74","25.77","8.53","8.53","22.59","8.63","9.27"
2010,"Racing","PS4","2.50","7.36","0.26","1.77","11.85","2.58","5.95","1.82","4.08","4.26"
2010,"Adventure","PS4","2.80","4.06","0.50","1.36","8.72","2.89","3.28","3.50","3.14","3.14"
2010,"Fighting","PS4","3.40","2.73","0.70","1.21","8.04","3.51","2.21","4.90","2.79","2.89"
2010,"Platform","PS4","2.12","3.32","0.49","0.99","6.94","2.19","2.68","3.43","2.28","2.50"
2010,"Rhythm/Music","PS4","1.45","1.15","0.02","0.51","3.15","1.50","0.93","0.14","1.18","1.13"
2010,"Simulation","PS4","0.15","0.37","0.22","0.09","0.83","0.15","0.30","1.54","0.21","0.30"
2010,"Strategy","PS4","0.15","0.15","0.29","0.06","0.64","0.15","0.12","2.03","0.14","0.23"
2010,"Compilation","PS4","0.06","0","0","0.01","0.07","0.06","0.00","0.00","0.02","0.03"
2010,"Misc","PS4","0","0.01","0","0","0.02","0.00","0.01","0.00","0.00","0.01"
2010,"Puzzle","PS4","0","0.02","0","0","0.02","0.00","0.02","0.00","0.00","0.01"
2010,"Role-Playing","PSP","1.93","0.93","16.59","0.66","20.09","19.94","11.67","38.75","13.81","30.84"
2010,"Action","PSP","2.95","3.04","7.72","1.76","15.49","30.48","38.14","18.03","36.82","23.78"
2010,"Sports","PSP","2.39","1.91","3.43","1.14","8.83","24.69","23.96","8.01","23.85","13.55"
2010,"Adventure","PSP","0.15","0.03","6.02","0.03","6.22","1.55","0.38","14.06","0.63","9.55"
2010,"Strategy","PSP","0.29","0.21","2.85","0.12","3.48","3.00","2.63","6.66","2.51","5.34"
2010,"Fighting","PSP","0.67","0.34","1.73","0.21","2.94","6.92","4.27","4.04","4.39","4.51"
2010,"Simulation","PSP","0.15","0.62","1.62","0.32","2.69","1.55","7.78","3.78","6.69","4.13"
2010,"Rhythm/Music","PSP","0.17","0.07","1.89","0.04","2.17","1.76","0.88","4.41","0.84","3.33"
2010,"Shooter","PSP","0.36","0.28","0.18","0.18","0.99","3.72","3.51","0.42","3.77","1.52"
2010,"Racing","PSP","0.35","0.30","0.02","0.18","0.85","3.62","3.76","0.05","3.77","1.30"
2010,"Platform","PSP","0.20","0.17","0.03","0.10","0.50","2.07","2.13","0.07","2.09","0.77"
2010,"Visual Novel","PSP","0","0","0.45","0","0.45","0.00","0.00","1.05","0.00","0.69"
2010,"Card Game/Casino","PSP","0","0","0.15","0","0.15","0.00","0.00","0.35","0.00","0.23"
2010,"Compilation","PSP","0","0.07","0.03","0.03","0.12","0.00","0.88","0.07","0.63","0.18"
2010,"Trivia/Board Game","PSP","0","0","0.10","0","0.10","0.00","0.00","0.23","0.00","0.15"
2010,"Puzzle","PSP","0.07","0","0","0.01","0.08","0.72","0.00","0.00","0.21","0.12"
2010,"Action","PSV","4.85","5.60","6.38","2.77","19.63","30.18","34.42","30.54","32.94","31.85"
2010,"Role-Playing","PSV","2.81","1.64","7.50","1.16","13.12","17.49","10.08","35.90","13.79","21.29"
2010,"Adventure","PSV","1.13","1.44","3.07","0.80","6.44","7.03","8.85","14.70","9.51","10.45"
2010,"Sports","PSV","1.38","1.62","1.03","0.73","4.74","8.59","9.96","4.93","8.68","7.69"
2010,"Shooter","PSV","1.77","1.76","0.24","0.82","4.57","11.01","10.82","1.15","9.75","7.42"
2010,"Fighting","PSV","1.33","0.70","0.67","0.48","3.15","8.28","4.30","3.21","5.71","5.11"
2010,"Platform","PSV","0.92","1.42","0.06","0.61","3.03","5.72","8.73","0.29","7.25","4.92"
2010,"Racing","PSV","0.90","1.32","0.16","0.56","2.95","5.60","8.11","0.77","6.66","4.79"
2010,"Rhythm/Music","PSV","0.32","0.20","0.96","0.15","1.64","1.99","1.23","4.60","1.78","2.66"
2010,"Visual Novel","PSV","0.37","0.17","0.28","0.16","0.96","2.30","1.04","1.34","1.90","1.56"
2010,"Puzzle","PSV","0.19","0.15","0.06","0.07","0.46","1.18","0.92","0.29","0.83","0.75"
2010,"Simulation","PSV","0.05","0.15","0.16","0.06","0.43","0.31","0.92","0.77","0.71","0.70"
2010,"Strategy","PSV","0.05","0.05","0.27","0.03","0.40","0.31","0.31","1.29","0.36","0.65"
2010,"Compilation","PSV","0","0.05","0","0.01","0.06","0.00","0.31","0.00","0.12","0.10"
2010,"Card Game/Casino","PSV","0","0","0.05","0","0.05","0.00","0.00","0.24","0.00","0.08"
2010,"Rhythm/Music","Wii","32.30","18.67","2.64","5.01","58.58","24.97","26.76","14.24","26.18","24.73"
2010,"Action","Wii","26.19","14.83","2.04","3.94","47.02","20.25","21.26","11.00","20.59","19.85"
2010,"Platform","Wii","15.73","7.96","4.31","2.23","30.19","12.16","11.41","23.25","11.65","12.74"
2010,"Sports","Wii","17.34","7.66","1.43","2.34","28.83","13.41","10.98","7.71","12.23","12.17"
2010,"Party/Minigames","Wii","6.82","6.64","3.77","1.46","18.73","5.27","9.52","20.33","7.63","7.91"
2010,"Fitness","Wii","6.83","4.25","0.09","1.15","12.30","5.28","6.09","0.49","6.01","5.19"
2010,"Trivia/Board Game","Wii","5.53","1.61","0.17","0.60","7.90","4.28","2.31","0.92","3.13","3.34"
2010,"Racing","Wii","3.63","1.97","0.01","0.53","6.22","2.81","2.82","0.05","2.77","2.63"
2010,"Shooter","Wii","3.15","1.07","0.01","0.38","4.61","2.44","1.53","0.05","1.99","1.95"
2010,"Adventure","Wii","2.45","1.62","0","0.36","4.43","1.89","2.32","0.00","1.88","1.87"
2010,"Simulation","Wii","2.82","1.11","0.10","0.33","4.39","2.18","1.59","0.54","1.72","1.85"
2010,"Role-Playing","Wii","1.14","0.54","2.47","0.17","4.31","0.88","0.77","13.32","0.89","1.82"
2010,"Educational","Wii","3.01","0.85","0","0.33","4.20","2.33","1.22","0.00","1.72","1.77"
2010,"Puzzle","Wii","0.76","0.26","0.68","0.08","1.78","0.59","0.37","3.67","0.42","0.75"
2010,"Strategy","Wii","0.71","0.28","0.69","0.09","1.77","0.55","0.40","3.72","0.47","0.75"
2010,"Fighting","Wii","0.43","0.19","0.13","0.07","0.81","0.33","0.27","0.70","0.37","0.34"
2010,"Compilation","Wii","0.49","0.25","0","0.07","0.81","0.38","0.36","0.00","0.37","0.34"
2010,"Platform","WiiU","9.97","6.16","3.65","1.48","21.24","26.02","25.42","28.54","22.95","25.95"
2010,"Action","WiiU","9.65","6.40","0.97","1.73","18.78","25.18","26.41","7.58","26.82","22.94"
2010,"Party/Minigames","WiiU","3.83","2.34","1.74","0.56","8.49","9.99","9.66","13.60","8.68","10.37"
2010,"Racing","WiiU","3.47","2.46","1.29","0.56","7.77","9.06","10.15","10.09","8.68","9.49"
2010,"Fighting","WiiU","3.25","1.43","0.99","0.67","6.36","8.48","5.90","7.74","10.39","7.77"
2010,"Shooter","WiiU","2.38","1.71","1.52","0.55","6.17","6.21","7.06","11.88","8.53","7.54"
2010,"Rhythm/Music","WiiU","1.62","1.07","0.48","0.26","3.44","4.23","4.42","3.75","4.03","4.20"
2010,"Sports","WiiU","1.25","0.81","0.40","0.20","2.69","3.26","3.34","3.13","3.10","3.29"
2010,"Role-Playing","WiiU","0.86","0.62","0.83","0.13","2.47","2.24","2.56","6.49","2.02","3.02"
2010,"Puzzle","WiiU","0.66","0.36","0.22","0.10","1.33","1.72","1.49","1.72","1.55","1.62"
2010,"Strategy","WiiU","0.51","0.35","0.31","0.07","1.24","1.33","1.44","2.42","1.09","1.51"
2010,"Fitness","WiiU","0.45","0.31","0.21","0.07","1.03","1.17","1.28","1.64","1.09","1.26"
2010,"Adventure","WiiU","0.27","0.17","0.14","0.05","0.60","0.70","0.70","1.09","0.78","0.73"
2010,"Simulation","WiiU","0.15","0.04","0","0.02","0.21","0.39","0.17","0.00","0.31","0.26"
2010,"Trivia/Board Game","WiiU","0","0","0.03","0","0.03","0.00","0.00","0.23","0.00","0.04"
2010,"Educational","WiiU","0","0","0.01","0","0.01","0.00","0.00","0.08","0.00","0.01"
2010,"Shooter","X360","97.83","46.73","1.61","13.32","159.63","29.16","27.06","29.27","28.08","28.43"
2010,"Action","X360","81.41","50.48","1.46","12.75","146.15","24.26","29.24","26.55","26.88","26.03"
2010,"Sports","X360","44.21","20.97","0.11","5.99","71.31","13.18","12.15","2.00","12.63","12.70"
2010,"Role-Playing","X360","23.93","11.25","0.82","3.30","39.32","7.13","6.52","14.91","6.96","7.00"
2010,"Misc","X360","25.97","9.76","0.36","3.11","39.18","7.74","5.65","6.55","6.56","6.98"
2010,"Racing","X360","12.03","12.72","0.15","2.69","27.66","3.59","7.37","2.73","5.67","4.93"
2010,"Rhythm/Music","X360","14.38","4.34","0.05","1.61","20.38","4.29","2.51","0.91","3.39","3.63"
2010,"Adventure","X360","9.44","5.32","0.40","1.35","16.54","2.81","3.08","7.27","2.85","2.95"
2010,"Fighting","X360","9.66","3.63","0.39","1.14","14.82","2.88","2.10","7.09","2.40","2.64"
2010,"Fitness","X360","4.73","1.92","0","0.57","7.24","1.41","1.11","0.00","1.20","1.29"
2010,"Simulation","X360","3.69","2.04","0.13","0.54","6.37","1.10","1.18","2.36","1.14","1.13"
2010,"Platform","X360","2.58","1.72","0","0.44","4.73","0.77","1.00","0.00","0.93","0.84"
2010,"Trivia/Board Game","X360","2.76","0.42","0","0.24","3.43","0.82","0.24","0.00","0.51","0.61"
2010,"Strategy","X360","1.28","0.60","0.02","0.18","2.06","0.38","0.35","0.36","0.38","0.37"
2010,"Party/Minigames","X360","0.82","0.52","0","0.13","1.49","0.24","0.30","0.00","0.27","0.27"
2010,"Educational","X360","0.40","0.11","0","0.04","0.55","0.12","0.06","0.00","0.08","0.10"
2010,"Compilation","X360","0.28","0.13","0","0.03","0.44","0.08","0.08","0.00","0.06","0.08"
2010,"Puzzle","X360","0.13","0","0","0.01","0.14","0.04","0.00","0.00","0.02","0.02"
2010,"Shooter","XOne","32.20","15.59","0.16","4.45","52.41","38.71","34.15","47.06","37.33","37.15"
2010,"Action","XOne","19.55","11.55","0.05","2.82","33.99","23.50","25.30","14.71","23.66","24.10"
2010,"Sports","XOne","13.37","7.01","0","1.90","22.26","16.07","15.36","0.00","15.94","15.78"
2010,"Role-Playing","XOne","5.56","3.06","0.01","0.83","9.48","6.68","6.70","2.94","6.96","6.72"
2010,"Racing","XOne","3.96","4.19","0.05","0.68","8.86","4.76","9.18","14.71","5.70","6.28"
2010,"Adventure","XOne","2.74","1.89","0.03","0.44","5.09","3.29","4.14","8.82","3.69","3.61"
2010,"Rhythm/Music","XOne","2.13","0.64","0","0.27","3.05","2.56","1.40","0.00","2.27","2.16"
2010,"Fighting","XOne","1.58","0.52","0.01","0.23","2.31","1.90","1.14","2.94","1.93","1.64"
2010,"Platform","XOne","0.44","0.29","0","0.07","0.81","0.53","0.64","0.00","0.59","0.57"
2010,"Compilation","XOne","0.47","0.21","0.01","0.07","0.75","0.56","0.46","2.94","0.59","0.53"
2010,"Misc","XOne","0.3","0.23","0.02","0.04","0.59","0.36","0.50","5.88","0.34","0.42"
2010,"Simulation","XOne","0.28","0.21","0","0.05","0.54","0.34","0.46","0.00","0.42","0.38"
2010,"Fitness","XOne","0.25","0.14","0","0.03","0.41","0.30","0.31","0.00","0.25","0.29"
2010,"Strategy","XOne","0.26","0.10","0","0.03","0.38","0.31","0.22","0.00","0.25","0.27"
2010,"Trivia/Board Game","XOne","0.1","0.02","0","0.01","0.13","0.12","0.04","0.00","0.08","0.09"
2020,"Simulation","DS","0.27","0","0","0.02","0.29","100.00",NULL,NULL,"100.00","100.00"
